qual_pos,pit_count,laps_completed,avg_lap_sec,fastest_lap_sec,career_avg_finish,career_race_count,qual_vs_career,track_avg_finish,expected_value,raceId,driverId
-4.2258353,-0.4542709,-0.34254295,-0.12809429,0.22906119,-1.851965,-0.25781778,-0.23981544,-0.058604334,9.141454,926,1
-3.979076,-0.5008413,-0.42964783,-0.057052027,0.20128977,-1.6351719,0.08822721,-0.3526882,-0.16214326,9.141454,926,3
-3.624725,-0.6374386,-0.34851718,-0.026655171,0.2328176,-0.6364874,-0.091657095,-0.49216327,-0.14825067,9.141454,926,20
-3.9839685,-0.576902,-0.34294823,-0.06556634,0.11441174,-0.065949395,0.08147596,-0.6224955,-0.21742313,9.141454,926,13
0.2812613,-0.54049915,-0.7005196,-0.33858803,-0.18478179,0.8971837,0.10768397,-0.2635927,-1.1472999,9.141454,926,831
-0.88852996,-0.48162124,-0.35562062,-0.48096386,-0.028109483,-0.31588238,-0.06308805,-0.084710956,-0.31217828,9.141454,926,817
1.9548346,0.1279293,-0.47536165,-1.3101933,-0.079468176,0.10492102,0.17913935,-0.075865306,-0.579673,9.141454,926,807
2.0458856,0.2619029,-0.5950014,-1.3223368,0.15657938,0.686098,-0.12199433,0.37700996,-0.94081587,9.141454,926,828
-0.20045894,-0.32523742,-0.33275265,-0.5645418,0.044252686,-0.3153763,0.04768996,0.48969346,-0.17869632,9.141454,926,832
2.112765,-0.5715474,-0.20090838,-0.5743475,0.046986364,-0.84398633,-0.3446395,0.59173495,-0.36386055,9.141454,926,815
2.3616776,-0.71130425,0.2792479,-0.050535664,0.115005136,0.12302024,0.14055568,0.471568,-0.79932153,9.141454,926,18
-4.2348156,0.031820767,-0.07433001,-0.38367113,-0.860589,-0.74268246,-0.1615589,-0.6151459,-0.34959894,9.141454,927,20
-4.450667,0.7472882,-0.18503681,-0.39999884,-0.30461612,-2.2132533,-0.13161168,-0.1770374,-0.3503022,9.141454,927,1
-3.5397146,0.5324507,-0.2502569,-0.3265534,-0.24178226,-1.8794061,-0.018401342,0.16795422,-0.39704603,9.141454,927,3
0.6519545,0.7007751,-0.09264051,-0.65531206,-0.77047163,-0.5457165,0.16108634,0.4134999,-0.41775218,9.141454,927,8
-0.46534368,0.50168484,-0.16192459,-0.44716847,-0.9297932,-0.46201998,0.31397596,0.18633783,-0.64689153,9.141454,927,822
-1.0972855,0.6208177,-0.15109201,-0.5610514,-0.691154,-0.30573502,-0.03313971,-0.11377331,-0.25633952,9.141454,927,13
-1.8986626,0.955203,-0.35706395,-0.28360504,-0.69890547,-2.3481522,-0.13335131,0.14144441,-0.3331777,9.141454,927,830
1.9905922,0.117846,0.6765444,-0.7308149,-0.2180203,-0.9661488,-0.002989906,-0.13366848,-0.1895669,9.141454,927,832
-1.9106889,1.1405385,0.9421661,0.03259994,-0.42086297,0.454813,0.024387425,-0.68009734,-0.15761502,9.141454,927,826
-3.0871706,1.6057354,1.5687953,-0.04119044,-0.019085838,-0.2140384,0.051671363,-0.2611712,-0.24731365,9.141454,927,817
-0.28393897,0.77445054,1.000458,-0.12413472,-0.2947478,0.8822994,-0.049852423,-0.33951873,-0.064751185,9.141454,927,154
1.9397112,0.868641,0.71987796,-0.29594225,-0.5631,1.1806439,-0.020667778,0.47636527,-0.35858455,9.141454,927,831
2.2535846,0.16556033,0.83024377,0.011352539,0.08339286,-0.99327236,-0.2444849,1.0249662,-0.18435453,9.141454,927,815
1.4316719,1.0127981,0.9378922,0.19999975,-0.35960266,0.43485537,0.21169555,0.49408427,-0.1088997,9.141454,927,807
3.1037152,0.6073715,0.13430981,-0.2586021,0.2529983,2.1226206,-0.11531376,0.19112442,-0.46779543,9.141454,927,833
-4.3862844,-0.06611907,0.039984163,-0.84356666,0.084009364,-2.3217585,-0.21240595,-0.2796186,0.2349273,9.141454,928,1
-4.0081277,-0.023633292,-0.043044362,-0.80743736,-0.29440102,-2.1712673,0.10812168,-0.34910503,0.16910689,9.141454,928,3
-3.9912214,0.025686525,0.02836384,-0.860943,-0.44210452,-0.8797473,-0.14212282,-0.3149597,0.19341403,9.141454,928,20
-2.456459,-0.063992575,-0.067071326,-1.2337583,-0.17120104,-0.64350206,-0.05380208,-0.457071,-0.022860121,9.141454,928,8
-3.7710712,0.03357622,-0.023748724,-1.0109088,-0.45973295,-0.3022372,0.08731222,-0.25080028,0.17952949,9.141454,928,13
-2.5730455,-0.09898064,-0.09129218,-1.1870347,-0.078396164,-0.5315347,0.24072619,-0.41211995,0.37459415,9.141454,928,822
-0.45099548,0.14449757,0.18562356,-1.0979208,-0.14112352,1.1678046,0.037208255,-0.3328217,0.34122375,9.141454,928,154
-0.64734757,0.04036385,0.07849745,-1.0033885,-0.5664703,1.5593519,0.4612197,-0.4817919,0.4060532,9.141454,928,831
-1.0746498,-0.00809796,0.14014183,-0.1512181,0.09834342,-0.41558146,0.035440937,-0.0075309286,0.16733895,9.141454,928,817
0.74179757,0.0726685,0.61661935,-0.10236622,-0.630516,1.5735954,0.031772915,-0.5206878,0.36952752,9.141454,928,828
1.9090897,0.9547322,1.1122105,-0.40881053,-0.42660627,-1.0990317,-0.5362129,0.60315573,0.30695042,9.141454,928,815
2.8896263,0.0039547114,0.8011009,-0.37795335,-0.36120373,-0.9401305,0.07562811,0.90669936,0.35464913,9.141454,928,4
2.2076108,0.20858149,0.7766529,-0.11229272,0.0011722691,-0.99436796,-0.022761758,1.0231632,0.44906268,9.141454,928,832
2.5350795,0.14390153,0.8141657,-0.16181193,-0.09045436,0.33658946,0.09638129,0.6679466,0.6647947,9.141454,928,18
3.1893039,-0.01961852,0.8655633,-0.4171376,-0.23993222,2.3817232,0.0069154943,0.3289163,0.47668535,9.141454,928,829
3.437335,-0.01810207,0.8405117,-0.30898738,-0.25874186,2.4288025,0.04521688,0.455205,0.64328974,9.141454,928,833
2.9299052,0.2736668,1.9589884,-0.33766967,0.5657177,-1.8858225,0.16680506,2.6770859,0.6793755,9.141454,928,830
-4.3462257,-0.08386966,-0.42670813,-0.39100954,-0.10862595,-2.153503,-0.18494669,-0.26039585,-0.0057521616,9.141454,929,1
-3.8083282,0.059842564,-0.48698875,-0.4818738,-0.39070466,-0.35605657,0.10191065,-0.3665524,0.041601527,9.141454,929,8
-3.5355191,0.047749568,-0.56066275,-0.648007,-0.24307121,-1.6047366,0.13469164,0.10386328,-0.005169836,9.141454,929,3
-2.519126,-0.08585071,-0.52797496,-0.29828423,-0.1220523,-0.37837595,0.026882615,-0.4784818,-0.071482375,9.141454,929,822
-4.2098827,0.763817,-0.705104,-0.41986024,-0.25182572,-0.46912464,-0.09597689,-0.57195175,0.14220561,9.141454,929,20
-1.0381254,-0.05662067,-0.59300274,0.090946175,-0.096053615,-0.3563408,0.048238277,-0.08561147,0.15809861,9.141454,929,817
0.60623044,0.11290987,-0.81320024,-0.6741486,-0.26514655,0.7463314,0.108548015,-0.01922275,0.09878642,9.141454,929,154
0.3102256,-0.009990113,0.25762138,-0.32581398,-0.07484901,-1.0396479,-0.63375545,-0.3276284,0.1512316,9.141454,929,815
2.740119,0.18226014,0.33730996,-0.3392673,0.012826935,0.22947147,-0.24264652,0.734089,0.24621515,9.141454,929,826
-2.1326435,-0.023699317,-0.019052312,-0.46720338,-0.25426617,-0.25634167,0.25925797,-0.04808736,0.087653965,9.141454,929,13
2.2518911,0.19267575,0.24196938,-0.44417563,-0.12383436,-0.8276459,0.07367311,0.12770882,0.23784472,9.141454,929,4
0.8003644,0.8616829,0.10647836,-0.44384974,-0.03736198,1.2055688,0.1489714,-0.04350589,0.3253138,9.141454,929,831
-0.51056844,1.0520663,0.33825082,-0.22380164,0.08802041,1.0316836,0.14297983,0.1427196,0.3737647,9.141454,929,807
1.7595019,0.82416576,0.22817731,-0.37382847,0.027611332,1.1719247,-0.0028800725,0.11123697,0.31199643,9.141454,929,828
2.1853025,0.93302023,0.42965686,-0.31105173,0.12899373,0.31530717,0.12502892,0.6731516,0.27714112,9.141454,929,813
3.0344706,-0.020671152,0.5312377,-0.43854666,0.07795638,2.342868,0.03703201,0.5314496,0.22624408,9.141454,929,829
3.2011185,0.009768033,1.0432765,-0.35708702,0.2335537,1.8426576,-0.014807038,-0.04134113,0.12563506,9.141454,929,833
-4.729031,-0.06535845,-0.7032738,-0.091364,-0.29711264,-1.9647218,0.07330792,-0.50833404,-0.3013919,9.141454,930,3
-3.6406784,0.581122,-1.0246519,-0.49280182,-0.28253263,-2.2261734,-0.106020965,-0.23652922,-0.2464577,9.141454,930,1
-4.0805187,0.03121077,-0.5722878,-0.42753947,0.12304422,-0.610127,-0.123701215,-0.4005111,-0.2495623,9.141454,930,20
-4.011651,0.014723033,-0.5345709,-0.41307917,-0.027388753,-0.35627514,0.1528852,-0.39911976,-0.20354056,9.141454,930,822
-1.4059253,-0.051961217,-0.582367,-0.5599957,-0.056113526,-0.44079632,0.010941744,-0.17653732,-0.468987,9.141454,930,8
-0.46888447,0.2941085,-1.099031,-0.3095615,-0.06976398,-0.4675725,0.10359595,-0.005915572,-0.53961563,9.141454,930,13
0.23731746,-0.10393398,-0.20608135,-0.17111906,0.26560217,-0.78759116,-0.059490703,0.30329934,-0.16013657,9.141454,930,817
0.90837955,-0.0020145772,-0.09220263,0.061060958,0.13652106,0.8009676,0.1787577,0.061909534,-0.17696762,9.141454,930,154
-2.0958843,-0.21865597,0.14055617,0.09308805,0.21748058,-0.29605186,0.03503373,0.3175466,-0.16214092,9.141454,930,832
-0.44485575,-0.055814777,0.107681036,1.7323939e-05,0.08132885,0.63089186,-0.0018252606,0.0061638216,-0.19661659,9.141454,930,826
-1.9803909,-0.25619245,-0.06929206,-0.042219177,0.35568735,-2.1711977,-0.31325334,0.4298907,-0.10299625,9.141454,930,830
1.9433123,-0.01241489,-0.08107974,-0.16835968,0.15874933,1.3310713,0.12834366,0.43926227,-0.14845553,9.141454,930,831
3.1254923,-0.118820295,0.11512623,0.14643615,0.30995017,-0.7329861,-0.668392,1.114947,0.19244173,9.141454,930,815
2.1198862,0.029598704,0.16603956,-0.24294713,0.1990619,1.1943249,0.041294754,0.55227137,-0.066757455,9.141454,930,828
2.6612036,0.86724526,0.23462775,-0.20311475,0.20593084,0.29735112,0.2561881,0.8476946,0.051843718,9.141454,930,807
1.8676835,0.81710815,-0.064478226,-0.059969544,0.40353334,0.21238795,0.23625527,0.449903,0.025992261,9.141454,930,18
3.2707777,0.36833677,-0.18171202,-1.1008308,0.30604133,2.3086011,0.23342925,0.31402516,0.43599474,9.141454,930,829
3.4606855,0.57050055,0.37571,-0.6033738,0.3863374,2.2638426,0.24880107,0.3997715,0.49858263,9.141454,930,833
-4.0819106,-0.8041868,-0.48860064,0.21370764,-0.118587814,-1.5051261,0.12184989,-0.16898118,0.038012546,9.141454,931,3
-4.1031704,-0.7696771,-0.7226859,0.24041118,-0.018817624,-0.59062165,-0.20979866,-0.47979617,-0.0029299443,9.141454,931,20
-4.376219,-0.04980208,-0.4911765,0.20069084,0.08318273,-1.8184866,-0.26559645,-0.23465669,0.08078325,9.141454,931,1
-2.3432412,-0.59474826,-1.2980342,0.306917,-0.052531205,0.30735016,0.24039602,-0.8621236,-0.098031506,9.141454,931,826
-3.7897766,-0.027968138,-0.79880863,0.4030458,0.20974436,-0.17622331,-0.022008516,-0.53678274,0.0023163597,9.141454,931,817
-2.09272,-0.7361273,-0.82009566,0.42402235,0.1201085,-0.3922462,-0.016166944,-0.47103924,0.11534706,9.141454,931,8
-1.0645528,-0.12349356,-0.6337133,0.51723456,0.17060624,-0.47270897,-0.4996125,0.2795952,0.14775325,9.141454,931,815
0.3319649,-0.046084687,-1.699269,0.40214795,0.028490994,0.20818119,0.08372253,0.1383883,0.04499769,9.141454,931,18
2.0382712,-0.084704705,-1.6593002,0.3909582,0.053426992,0.8870322,-0.018472156,0.44522423,0.03462274,9.141454,931,831
-0.18910612,-0.6477186,-0.721074,0.386353,0.24738576,-0.4066872,0.011126649,0.29407468,0.20140032,9.141454,931,832
1.2702863,-0.030661924,-1.7306713,0.4134004,0.23208992,-0.0058415006,0.23537478,0.3347133,0.17181094,9.141454,931,807
0.72598815,-0.6259052,-1.0103259,0.43400627,0.34367752,0.78267765,0.33829078,0.25993636,0.1656629,9.141454,931,154
2.7644486,0.9072853,-1.248121,0.7308965,-0.007895489,0.47926825,0.0024272802,0.24394256,0.20838363,9.141454,931,828
3.0400794,0.076488815,-0.64426005,0.47834072,0.069378726,-0.26245183,0.58063185,0.98995966,0.115844645,9.141454,931,822
2.264893,1.2936554,-0.010753476,1.037552,0.3183262,-0.37610775,-0.1325528,0.56562006,0.23779485,9.141454,931,13
3.467203,-0.49567163,0.11170427,0.67607206,-0.24290234,2.2389596,0.011399441,0.5533233,0.084920354,9.141454,931,833
3.2959201,-0.30929264,0.27021587,0.7002429,0.041485365,2.3440766,0.071170844,0.7422607,0.07273661,9.141454,931,829
-4.3028326,-0.6077497,-0.5949555,-0.03254254,0.15503839,-2.039796,-0.24672334,-0.3258758,0.005650689,9.141454,932,1
-3.9812164,-0.7785808,-0.5740743,0.026724502,-0.13504635,-1.7902491,0.024859242,-0.28735206,0.092857316,9.141454,932,3
-3.8082564,-0.7022182,-0.5013639,0.14187327,-0.029357152,-0.4863951,-0.039373346,-0.3476055,0.12268041,9.141454,932,822
-3.9924188,0.021495955,-0.8139433,0.21758333,0.068468705,-0.27853397,0.09867038,-0.42387015,0.2744814,9.141454,932,8
1.7089585,0.16960168,-1.2839607,0.38745174,-0.2792952,-1.2794793,-0.2997217,-0.49655065,-0.074783266,9.141454,932,20
2.1783793,-0.8306017,-0.962393,0.32276264,-0.34542972,-1.0241231,-0.15084772,-0.020769715,-0.121537864,9.141454,932,13
-1.8921311,-0.48451182,-0.7569887,0.31206104,0.21904694,0.3049055,0.2586993,-0.28472802,0.17678767,9.141454,932,813
-1.415234,-0.5307293,0.11272283,0.4798049,-0.0061075184,0.48441824,0.07213057,-0.28506348,0.2675908,9.141454,932,807
-0.40958312,-0.5258036,0.12833442,0.46170282,-0.3034507,0.47402626,0.11485308,-0.28396505,0.16089337,9.141454,932,826
-1.8456318,-0.5570937,0.27460435,0.54356635,0.21311368,0.99419856,0.14978091,0.6448334,0.3614176,9.141454,932,154
0.53801155,-0.5293546,0.18593591,0.8378269,0.31283927,-0.81629425,-0.5619148,0.6545125,0.3331004,9.141454,932,815
0.61222625,-0.6299116,0.10897372,0.86423206,0.26638216,-0.62126315,-0.0574446,0.43529892,0.3633903,9.141454,932,832
-0.41612333,-0.58718,0.22688946,0.97974247,0.38421842,-0.23417087,-0.027040644,1.0213146,0.23069666,9.141454,932,817
1.3938565,-0.6299313,-0.071726665,0.75967383,0.13815282,1.0660298,0.09432778,-0.117494896,0.07159728,9.141454,932,828
0.87862796,-0.738448,-0.2424347,0.41042447,-0.010564674,-2.6329987,-0.14932407,0.6426164,0.13022916,9.141454,932,830
1.9958966,-0.5793263,0.4860944,0.99364996,0.25654346,1.5084407,0.21631911,0.7647318,0.091311,9.141454,932,831
3.3798234,-0.4563548,0.018735234,1.0336847,0.014473826,2.6176746,0.19261727,0.72824025,0.0057682167,9.141454,932,829
-3.9074373,-0.718307,-2.0390062,0.5570725,0.6491747,-1.7254711,0.0039584357,-0.18829876,0.1376931,9.141454,933,3
-4.1837053,-0.43375832,-1.8502219,0.597587,0.50293463,-1.9142977,-0.20905039,-0.29738775,0.09074272,9.141454,933,1
-3.687907,-0.69589704,-2.49535,0.62956214,0.71282625,-0.44309404,0.17036474,-0.32869336,0.18855986,9.141454,933,13
-3.8507845,-0.70015514,-2.4105537,0.704159,0.7793987,-0.55036634,-0.122520626,-0.36307573,0.18585426,9.141454,933,20
-1.9654065,-0.6410042,-2.1748,0.7435577,0.31374407,-0.32748166,-0.16289411,-0.04775003,0.10234269,9.141454,933,822
-2.581571,-0.59473383,-1.9836481,0.6667553,0.3386786,0.8817744,-0.011291528,-0.597484,0.23676486,9.141454,933,807
0.08941068,-0.6056309,-1.2887343,0.7208073,0.36063576,0.28557965,-0.5314577,0.55396473,0.3235428,9.141454,933,813
-1.2062051,-0.4574495,-0.963643,1.0354112,0.4313247,-2.4122872,-0.19178496,0.62605506,0.2618861,9.141454,933,830
2.0664332,-0.58292115,-1.1017301,0.8126819,0.2623056,-0.95109755,-0.7761083,0.4962174,0.46066937,9.141454,933,815
1.8816795,-0.7009064,-1.2548864,0.70010483,0.52318084,-0.6802182,-0.124120064,0.6063002,0.5118607,9.141454,933,817
-0.27008095,-0.4621121,-0.93810576,0.72646666,0.34949556,1.4690583,0.5471463,-0.2867611,0.23246443,9.141454,933,831
-0.34110713,0.2800069,-1.2276667,0.7354046,0.98195726,0.8217264,0.29705286,-0.1929033,0.37758803,9.141454,933,826
0.7711326,0.8348985,0.016140217,0.72023934,0.9725383,0.9765867,0.22853616,-0.069981284,0.3169096,9.141454,933,828
3.239466,-0.60735685,0.18516584,0.831602,-0.120626025,2.0852804,-0.090572536,0.12682763,0.29224172,9.141454,933,833
-4.4871902,-0.15879555,0.4742024,-0.48975942,-0.12463598,-2.2112904,-0.4022329,-0.26108912,-0.36472464,9.141454,934,1
-4.0789514,-0.15212135,0.6521456,-0.5032147,-0.23779279,-1.975705,0.18990579,-0.35499382,-0.40002173,9.141454,934,3
-2.1202295,-0.08180544,0.8078148,-0.5815587,-0.30441338,-0.7447559,-0.06781275,0.28222218,-0.57052374,9.141454,934,20
-4.0777526,-0.026405603,0.65075403,-0.4025369,-0.28183916,-0.26536858,0.2156199,-0.5608956,-0.542964,9.141454,934,13
-3.5995803,0.13495395,0.7040431,-0.56002414,-0.16115043,-0.260474,0.08861619,-0.32320112,-0.33329955,9.141454,934,822
-1.3064255,0.13577901,0.64521635,-0.7207541,-0.23409168,0.31685606,0.025837962,-0.53192943,-0.53925574,9.141454,934,826
-0.468875,0.09739627,0.6825298,-0.8785332,-0.1647945,0.70198953,0.080570966,-0.04144276,-0.5168437,9.141454,934,807
-1.6409615,1.6660671,1.4049622,-0.54543173,-0.21895318,-0.29107445,-0.08506144,-0.3542622,-0.42681572,9.141454,934,8
0.2948839,0.07382854,0.8645779,-0.23740773,-0.19144678,-1.0764215,-0.9091395,-0.25867555,-0.6234897,9.141454,934,815
2.300441,0.8985422,1.178035,-0.86515915,0.04722542,-0.8546423,0.07748515,0.17943358,-0.74708295,9.141454,934,4
1.9326836,0.8352613,1.0774887,-0.32328644,-0.33567655,1.0627347,0.007507697,0.58514315,-0.74144983,9.141454,934,828
3.0551362,-0.017286753,0.92126244,-0.41085234,-0.16034962,1.5945226,-0.24584356,0.32023776,-0.9291161,9.141454,934,833
3.0643697,-0.0364662,0.85329014,-0.48126718,-0.16492063,1.9169195,-0.18361907,0.38982776,-0.7639999,9.141454,934,829
-3.7360258,0.70730007,-0.22137079,-0.60185045,-0.253998,-0.5763106,-0.24693681,-0.33690554,0.018363811,9.141454,936,20
-1.6713822,-0.17008233,-0.51299393,-1.1748468,-0.47637117,-0.14180693,-0.25452092,-0.72144467,-0.1733009,9.141454,936,826
-3.5738175,0.69157064,-0.13966204,-0.7077337,-0.0097655365,-0.16744855,-0.04867254,-0.46610352,0.013882301,9.141454,936,817
-1.1324688,0.566665,-0.5189018,-0.8738949,-0.18949084,-2.6023588,-0.043935664,0.15673134,-0.26405916,9.141454,936,830
1.655302,0.091133595,-0.7274286,-0.93976265,-0.67157054,-0.7821342,-0.10328318,0.3999698,-0.3368241,9.141454,936,4
-3.1917083,2.713829,0.324584,0.035417736,0.09213503,-1.4041919,-0.118920214,-0.06821047,0.0070029288,9.141454,936,1
0.359341,-0.29215124,-0.70976037,-0.47041208,-0.3529639,0.20246126,0.02902782,-0.17952177,-0.2806862,9.141454,936,154
-3.2434824,1.4888138,0.28472513,0.12674023,0.23199469,-1.0021415,0.26211885,0.17490876,0.119942844,9.141454,936,3
1.7298745,0.3250348,-0.7792779,-0.54892814,-0.25501594,-0.012268945,0.10756811,0.4589775,-0.14922366,9.141454,936,18
2.2179046,-0.2473619,-0.68459713,-0.63078535,-0.22758186,0.6780604,-0.018570878,0.14180183,-0.12936783,9.141454,936,828
2.6424353,0.10283004,-0.5886555,-0.33225417,-0.258545,0.7054204,0.0047524734,0.14799963,-0.048053127,9.141454,936,831
-0.3898004,0.89387566,-0.079226725,0.07254694,0.1359171,-0.12856838,0.36399835,0.3339484,-0.038265478,9.141454,936,13
-1.2639115,1.6296792,0.11615728,0.27652317,0.34115365,0.051775187,0.5145555,0.11667208,0.2781574,9.141454,936,822
1.4424579,1.1195958,-0.7308498,-0.25147194,-0.10208971,-0.084162414,0.14110206,0.40538993,-0.07818795,9.141454,936,813
3.3139029,0.16056274,-0.34017715,-0.3136406,0.35791692,2.0986323,0.039916724,0.3057708,0.2778986,9.141454,936,833
3.5336077,0.1622175,0.119431056,-0.4975507,0.050543502,2.326076,0.11951473,0.47083476,0.36778873,9.141454,936,829
-4.685564,-0.42350578,1.1796414,-0.82181656,-0.36339208,-2.2544618,-0.18305078,-0.33182576,-0.1498216,9.141454,937,1
-3.995865,-0.45300895,1.4475163,-0.8885725,-0.4247315,-1.9769348,-0.036133755,-0.38287964,-0.14092426,9.141454,937,3
-3.154882,-0.16963635,1.4736352,-0.79861224,-0.76543325,0.99423724,-0.036877584,0.58650273,-0.29067716,9.141454,937,154
0.058677,-0.31337115,1.5287933,-1.7896166,-0.88729113,0.019073032,-0.3303277,0.10084008,-0.2704788,9.141454,937,826
-2.2158244,-0.5980237,1.4654849,-0.8004955,-0.51307356,-0.52454174,-0.34691545,-0.28482264,-0.27968928,9.141454,937,815
-1.0220804,-0.34478083,1.6926489,-1.3002157,-0.91908395,-0.4163736,-0.12706983,-0.22026615,-0.24166125,9.141454,937,13
1.6417398,-0.38842213,1.5987003,-1.5600747,-1.0430144,-0.9384304,0.07824996,0.47580346,-0.15959167,9.141454,937,8
0.45134526,1.0001493,2.1223907,-1.5577269,-0.098412216,-3.782847,-0.16093618,-0.26411724,-0.08211453,9.141454,937,830
-3.3257117,1.626052,2.0933647,-0.76110196,0.22809432,-0.10405347,0.28487143,-0.61861986,-0.2505278,9.141454,937,822
1.4718763,-0.23050906,1.4929309,-1.4521711,-0.6640764,1.1962731,-0.2816778,0.12517309,-0.137325,9.141454,937,828
1.9138603,-0.2456935,1.4025372,-1.2683105,-0.6215069,1.2949705,-0.16379118,0.5679199,-0.06685767,9.141454,937,831
-0.5060648,-0.21819451,2.1357358,-1.111247,-0.1529945,-0.7117811,0.06745674,0.6913615,-0.2357096,9.141454,937,20
2.547305,0.88546556,1.8223116,-0.9344389,-0.16953221,-0.839038,0.16096987,0.7683249,0.039741907,9.141454,937,4
2.5522993,0.80978143,1.8329031,-1.25638,-0.2139623,0.29943025,0.11822797,0.5208123,0.05351071,9.141454,937,18
3.1262937,-0.21625352,1.287944,-1.1968938,-0.11312998,2.004312,0.041818023,0.5579799,0.08748424,9.141454,937,833
3.1674032,-0.23639567,1.3405787,-1.1388578,-0.16813007,2.195726,-0.004084008,0.48722446,0.10186653,9.141454,937,829
-4.3176813,-0.8055245,-0.17151254,0.256399,-0.07631565,-1.9821199,-0.19644174,-0.34847477,-0.20899191,9.141454,938,1
-3.9531376,-0.9966086,-0.22980814,0.192257,-0.35578343,-0.6895521,-0.19475757,-0.53469986,-0.24771146,9.141454,938,20
-2.0321312,-0.89866006,-0.36906186,0.2768688,-0.14886598,-0.28243718,0.38309166,-0.49185023,-0.25374776,9.141454,938,13
-2.0777462,-1.0367311,-0.43448684,0.14189945,-0.3125406,-0.46197447,-0.033706754,-0.42280558,-0.24673948,9.141454,938,822
-4.2360086,-0.8964775,-0.25886476,0.084613495,-0.39579895,-0.37980616,0.042182807,-0.59496,-0.08506507,9.141454,938,8
-1.2316873,-0.84198976,-0.5392366,-0.13028055,-0.1548599,-0.7240582,-0.59001446,-0.16183347,-0.1423818,9.141454,938,815
-0.39992905,-0.7488434,0.5036213,0.03499905,-0.16890146,0.58423907,0.13177457,-0.021699883,-0.08584443,9.141454,938,807
2.2134714,-1.0516177,0.67111486,0.121194035,-0.051916372,-0.6351573,-0.0025019248,0.8877355,-0.12928672,9.141454,938,817
0.6748126,-0.77827823,0.4750516,0.2220778,-0.20966789,1.2490004,0.1586071,-0.2704039,-0.07332203,9.141454,938,828
1.8210081,-0.76145524,0.4737168,0.06243215,-0.050660234,0.0042760116,0.022820197,0.31186357,-0.13967867,9.141454,938,826
1.7248083,0.23215209,1.1387908,0.20406848,-0.20651633,-0.6663524,0.01637481,0.61024517,-0.009297944,9.141454,938,832
2.4188585,1.2181627,1.2205245,1.3528074,0.043737303,-3.2099638,-0.31675604,-0.05680403,-0.15861718,9.141454,938,830
0.87010485,0.17184694,0.8896958,0.47876725,-0.15145066,1.3380975,0.17600526,-0.044740703,-0.18998203,9.141454,938,831
1.7922975,-0.88344526,0.65916634,0.8741238,0.98879623,0.19320403,0.06203519,0.46401513,-0.2977111,9.141454,938,18
3.0041232,-0.50871533,0.8627736,-0.03790172,0.3556661,2.318813,0.15587714,0.68848705,-0.46169695,9.141454,938,829
3.2443275,-0.5463835,0.8741785,0.28113216,0.42474285,2.0293167,0.1205503,0.35212797,-0.3570903,9.141454,938,833
-0.92268336,-0.5333404,2.473982,0.883019,0.7054097,-0.11358188,0.47388583,3.4389832,0.008471659,9.141454,938,3
2.6797886,0.03522217,3.3618393,0.23870645,0.25840703,-0.7321266,0.18473929,0.4573662,-0.08175202,9.141454,938,4
-4.7800536,-0.17656286,0.11485193,-0.42595991,-0.6134187,-0.69921,-0.14124031,-0.5213047,-0.34626937,9.141454,939,20
-4.2012296,-0.096873514,0.05346932,-0.48118204,-0.5032504,-0.5474512,-0.14404471,-0.79835737,-0.31191748,9.141454,939,817
-3.825525,-0.16535439,0.010339882,-0.4145454,-0.47358018,-0.43592072,0.10308159,-0.55967283,-0.29595417,9.141454,939,8
-1.6502765,-0.28142855,0.070080765,-0.75472486,0.04134625,-1.6037719,0.31792966,0.68672407,-0.2524373,9.141454,939,3
-1.0931063,-0.25523293,-0.05264588,-0.80541885,0.114210024,-0.7422613,0.13959938,-0.031628855,-0.22332236,9.141454,939,822
-3.4718263,-0.031211386,0.24793842,-0.6866245,0.043484166,0.5571336,-0.0962105,-0.3720076,-0.21120997,9.141454,939,826
1.4901848,-0.07893408,0.04802083,-1.4381026,0.034793943,-1.1493793,-0.25246662,0.37855157,-0.28095776,9.141454,939,815
-0.046598066,-0.16068393,0.114818856,-0.9329645,0.08664413,-2.1595562,-0.10823803,0.64201266,-0.22072597,9.141454,939,830
1.9010253,0.628438,-0.007092463,-1.6273082,-0.14769329,-0.97649235,-0.13419256,0.6544151,-0.35117596,9.141454,939,832
2.093488,-0.103805795,0.11392437,-1.1121718,-0.20735025,1.4973793,-0.07381919,0.56374335,-0.39412853,9.141454,939,831
2.4189763,0.41542643,0.018860355,-1.0998507,0.05542735,1.1257519,-0.081819564,0.037783485,-0.4280755,9.141454,939,828
2.737067,0.60228163,0.16291586,-1.0865566,0.039267525,0.2074569,0.04738094,0.47711584,-0.6312185,9.141454,939,813
0.609723,0.08099035,0.88884586,-0.6134668,0.4597228,1.1353397,0.14064924,0.37194282,-0.07603916,9.141454,939,154
2.949887,0.04938032,0.6443426,-1.0903846,0.30912048,2.252846,-0.075921685,0.27149284,-0.54287624,9.141454,939,834
3.0176795,0.010259393,0.75824076,-0.9501034,0.4026315,2.329247,0.0068678004,0.56533366,-0.56428945,9.141454,939,829
-3.7464705,-0.30242682,0.065695405,-0.22625045,-0.24923721,-2.2603683,-0.2866946,-0.45728007,-0.03026061,9.141454,940,1
-4.7758465,-0.22565535,-0.0071372767,-0.24914587,-0.07729162,-1.9797249,0.086959146,-0.38183233,-0.073184446,9.141454,940,3
-3.709053,-0.13224837,0.05771517,-0.20508838,-0.19585708,-0.73646367,-0.16516358,-0.5437536,-0.07095624,9.141454,940,20
-2.3242218,-0.273799,-0.18765663,-0.25123796,-0.1918442,-0.5887155,-0.06768134,-0.47555256,-0.11790419,9.141454,940,8
-3.9958143,-0.1657396,0.145366,-0.07889204,-0.16090839,-0.11062484,0.27066594,-0.65663034,0.010764301,9.141454,940,822
0.5562365,0.96526915,-0.2411763,-0.3451667,-0.34745502,0.015067301,0.093808606,-0.15787634,-0.061313387,9.141454,940,807
-0.54694504,0.06252103,-0.03486072,-0.33654904,-0.23929287,0.7719136,0.068941034,-0.5330956,-0.15333909,9.141454,940,154
1.1776084,0.056319647,0.10035053,-0.019953454,0.0016258863,0.16850881,0.07142574,0.46970007,0.019947654,9.141454,940,813
1.2401174,0.08825335,0.19503036,0.06214179,0.13117136,-4.0724683,-0.033786748,0.36526674,0.4051324,9.141454,940,830
0.30327976,0.13776329,1.6911397,-0.21252699,0.33384165,-0.76108074,-0.11499699,0.25549945,0.17665425,9.141454,940,832
2.2658296,0.17948209,1.543064,-0.06952152,0.4260087,-0.8343419,0.028574523,0.19031306,0.19229583,9.141454,940,4
-1.040627,1.5812684,1.9852612,0.3233318,0.49240634,-0.52111644,-0.71615195,0.27263477,0.29634124,9.141454,940,815
0.6178676,1.0586203,1.756412,0.09283277,0.18781522,0.330169,-0.026744263,0.3677288,0.222873,9.141454,940,826
2.586819,0.12995283,1.3549544,-0.05529133,0.34335434,1.0559586,-0.014780114,-0.043581374,0.19941473,9.141454,940,828
-1.1826763,-0.034113795,1.5527334,-0.01652801,0.33572125,-0.23191735,-0.04703825,-0.098408796,0.08403079,9.141454,940,817
2.0810132,0.22547276,1.6272625,0.11964612,0.60003686,0.34341675,0.15256721,0.4121419,0.2506653,9.141454,940,18
-1.2152077,2.0321121,2.6869316,0.7321865,0.6211269,0.0032669583,0.4853912,-0.36246815,0.30728522,9.141454,940,13
3.4237983,0.2036649,1.3469927,-0.16276847,0.4927226,2.3212357,0.18575309,0.35559082,0.34675884,9.141454,940,834
3.1675332,0.8558229,1.8255059,-0.40385234,0.5168817,2.2338815,0.16862868,0.48505625,0.37070626,9.141454,940,829
-3.4856813,-1.0575894,-0.08809662,-0.2801989,-0.08766724,-2.2254999,-0.31129348,-0.35645407,0.096403,9.141454,941,1
-3.4738257,-1.0475587,0.014892232,-0.23414886,-0.10817702,-0.88160086,-0.1619014,-0.5155675,0.06162672,9.141454,941,20
-1.0759904,-0.9926295,-0.44019452,-0.31401545,0.2585748,-0.68643737,-0.60016495,-0.110502645,0.060894452,9.141454,941,815
1.5152539,-1.2344708,-0.41496328,-1.0676235,0.071283124,-1.0382646,-0.34751183,0.07585911,-0.09706987,9.141454,941,13
-2.0627575,-1.0041766,-0.09095798,-0.082285665,0.2474123,-0.47007918,-0.040212058,-0.068632334,0.14334089,9.141454,941,8
0.33247414,-1.0662214,-0.760346,-0.4666584,0.0838895,1.2765843,0.0008434038,-0.2019151,-0.08255561,9.141454,941,831
1.472432,-1.2818079,-0.6073144,-0.5185258,0.10784447,0.05523252,-0.22951847,0.13239679,-0.14183031,9.141454,941,813
1.0073645,-1.0036579,-0.30785212,-0.24438365,0.22453888,0.11998782,-0.016920688,0.24946864,-0.09022161,9.141454,941,18
-0.17827623,0.11844644,0.19559793,0.45437852,0.5091913,-2.2779427,0.08368432,0.6230782,0.27143213,9.141454,941,830
1.9799272,-1.0571725,0.0038309423,-0.18220414,0.56874436,-0.77050924,0.12366083,0.84443074,-0.06775913,9.141454,941,4
-4.031905,-0.78857577,0.97387516,0.5508183,0.45715064,0.024698492,0.16198148,-0.23887792,0.32901424,9.141454,941,822
3.193028,-0.57998115,0.39652616,-0.533959,0.067801245,2.1348796,0.0048387656,0.14190161,-0.12119786,9.141454,941,833
2.9496837,-0.057511892,0.54918396,-0.6632578,-0.18048023,2.4393082,0.04325619,0.4667104,0.08607158,9.141454,941,829
0.9174856,-0.5106587,3.5856013,0.17908916,0.21750532,-0.087213084,0.16253172,0.68581647,0.17429289,9.141454,941,817
-3.553653,-0.08543419,0.05233366,-0.4472395,-0.3338327,-2.3074088,-0.16109622,-0.35237947,-0.37388685,9.141454,942,1
0.53355384,-1.0684044,-0.72134745,-0.5294574,0.20109826,0.33749184,0.16865915,0.09058317,0.034429383,9.141454,941,826
-4.6157885,-0.03688552,-0.071873404,-0.5796073,-0.35493797,-2.0228271,-0.112455234,-0.26046422,-0.35466644,9.141454,942,3
-1.798374,1.0553387,-0.15573977,-0.53273207,-0.23313315,-0.8026384,-0.102672346,-0.077377535,-0.58210915,9.141454,942,20
-0.06761036,0.0140773095,-0.022950465,-0.84344536,-0.3979375,-3.149208,-0.08589199,0.5310794,-0.6448458,9.141454,942,830
-1.9167702,-0.13797331,-0.0017800081,-0.5656976,-0.3149544,-0.5713139,-0.2764937,-0.08401445,-0.56717485,9.141454,942,815
1.7333983,0.41390753,-0.03674325,-1.0670177,-0.7443194,0.078180976,-0.22077152,0.2359397,-1.0765003,9.141454,942,18
1.9584436,0.59999657,0.014679785,-1.0872117,-0.24281222,-1.2979428,-0.6880668,-0.34847757,-1.0351533,9.141454,942,832
1.8081343,0.5552491,0.043528706,-1.1782287,-0.5895327,0.00076044264,-0.3087898,0.4038536,-1.0078448,9.141454,942,813
2.5817883,0.17221968,0.0015060119,-0.44599995,-0.3763945,0.8503598,-0.016155232,0.58640516,-1.0152001,9.141454,942,831
-3.679188,0.7844908,-0.0621908,-0.57758915,-0.12370556,-0.21042572,-0.09748849,-0.55558807,-0.75720525,9.141454,942,817
0.53370875,0.6150153,0.08770628,-0.612088,-0.5128937,-0.44212294,0.14985888,0.47018296,-0.9017843,9.141454,942,4
3.0305662,0.2902767,0.0718494,-1.197017,-0.5451835,2.0251164,-0.001580129,0.4669039,-0.9943933,9.141454,942,834
-4.722109,-0.020249104,-1.2222239,0.2078667,0.23067483,-1.7703062,0.115317754,-0.4407832,0.16199069,9.141454,943,3
-3.7599714,-0.05710897,-1.1915666,0.14242417,0.10497372,-2.0498185,-0.42342675,-0.32544076,0.21802406,9.141454,943,1
-2.3157606,-0.16074637,-1.4838079,0.17867404,0.021656277,-0.4002153,-0.09136011,-0.21782675,0.116598405,9.141454,943,822
-3.8683326,-0.011492654,-1.5853679,0.3539758,-0.079187356,0.7265582,0.046164017,-0.45603326,0.1498459,9.141454,943,826
-2.4764903,-0.09468384,-1.5842435,0.44896626,0.13129318,-0.43572047,-0.036657587,-0.37577656,0.13955308,9.141454,943,817
-1.2815883,-0.009148264,-1.574714,0.3703634,-0.3240233,-0.28036788,0.22840868,-0.29960778,0.18840799,9.141454,943,13
0.7521001,0.03646147,-1.3510348,0.63777,0.14131396,0.53017366,0.2083509,0.19104268,0.23812442,9.141454,943,807
-1.0179598,-0.4992234,-0.9833846,0.50035286,0.49322596,-0.7066887,-0.9544398,0.41388366,0.3487677,9.141454,943,815
-0.6532214,0.043776467,-1.2671003,0.6589259,0.3043051,-2.285633,-0.07366766,0.69363296,0.36472297,9.141454,943,830
0.76398146,0.049280524,-1.0719905,0.69449806,0.38199234,0.5997454,0.24472101,0.14087598,0.2731692,9.141454,943,154
1.0962527,-0.025695704,-1.2235948,0.7379439,0.7902432,-0.045418873,-0.061310645,0.5995934,0.2925241,9.141454,943,813
2.357618,0.70449114,-1.4303343,0.8739429,-9.273627e-05,0.8730976,0.020404173,0.16615522,0.3153947,9.141454,943,828
0.54207194,1.0666481,-1.2974017,1.3815738,0.3759775,-0.7263729,0.007207035,0.41715562,0.28779507,9.141454,943,832
3.2141595,-0.028598737,-1.1968778,0.9600328,0.5254722,0.27170935,-0.037722863,0.48262888,0.45052457,9.141454,943,18
3.0843031,-0.046396196,-0.14422245,0.27595282,0.2994615,2.0076203,0.12804675,0.5019977,0.4369604,9.141454,943,834
3.4642708,-0.068902336,-0.17437461,0.1295472,0.2307974,2.353584,0.1660881,0.5086344,0.54682916,9.141454,943,829
-4.909564,0.56545985,-1.7698523,0.5048019,0.28895038,-1.8671123,0.07378194,-0.3549833,0.050888527,9.141454,944,3
-3.766501,0.8088848,-1.903526,0.69902474,0.17760578,-2.0848222,-0.25312248,-0.2466222,0.12597114,9.141454,944,1
-3.9517593,0.7746408,-2.091194,0.588938,0.30119538,-0.84143883,-0.17540976,-0.5092514,0.0154304225,9.141454,944,20
-2.5221658,0.039782565,-1.8929677,0.4912092,0.44870806,-0.5511095,0.00015477836,-0.43449643,0.08840573,9.141454,944,8
-3.6996558,0.19541053,-0.79910165,0.35675842,-0.31519735,-0.45911685,-0.058066748,-0.46294,0.083987705,9.141454,944,822
-2.3255022,0.04617346,-0.6951682,0.28478876,-0.16620523,0.52551836,0.054574057,-0.46321183,0.17446904,9.141454,944,807
-1.3314083,0.097962655,-0.7580068,0.34111774,-0.021546293,0.4659892,0.12622851,-0.5546824,0.18297122,9.141454,944,826
1.7666287,0.58733296,-1.4476538,0.47044772,-0.06860847,0.3377972,0.10305665,0.31576854,0.15979241,9.141454,944,154
-0.15547267,0.9207385,-1.4674633,0.25906965,-0.26001322,-3.4122472,-0.113412045,0.29180488,0.25751206,9.141454,944,830
1.8735142,0.14202423,-1.05413,0.22373375,0.028109334,0.0010575497,-0.24829234,0.5473075,0.0642993,9.141454,944,813
-0.622484,0.8556567,-1.2141882,0.6365749,-0.017836623,-0.28080478,0.11312861,0.80634373,0.30940294,9.141454,944,817
1.761465,1.0822641,-1.2960953,0.77896404,-0.13881743,-0.94803685,-0.24817283,0.62578315,0.3292507,9.141454,944,815
0.63011044,0.09210983,-0.9707941,0.54932743,-0.06430934,1.6698062,0.23559839,-0.18690322,0.19731513,9.141454,944,831
2.3538132,0.7673694,-1.1360643,0.6082215,0.0016924934,0.27004758,-0.08403652,0.58343446,0.14477608,9.141454,944,18
3.6040676,0.9778198,-0.9679156,0.78217465,-0.11732003,-0.46888715,0.11077213,0.9217156,0.2355332,9.141454,944,4
2.3847868,0.7507808,-0.18132633,0.8180307,0.50245106,1.2071046,0.19613908,0.3370098,0.1639779,9.141454,944,828
3.4125688,0.13169494,-0.078202404,1.227829,0.19255017,2.3932467,0.1242473,0.6652826,-0.0022883427,9.141454,944,829
3.1260026,0.13700177,-0.15487155,1.143064,-0.011854999,2.398339,0.14058943,0.69123375,0.13302043,9.141454,944,834
-4.737372,-0.24106681,0.57418877,-0.17647071,-0.4201913,-2.0638611,-0.07079871,-0.4229589,-0.05541626,9.141454,945,3
-3.7501655,-0.31262267,0.6215771,-0.3404964,-0.59188557,-2.2412524,-0.22943053,-0.35000154,0.012208023,9.141454,945,1
-4.0087266,-0.1773108,0.6077206,-0.31384048,-0.3651958,-0.29215539,0.068599135,-0.60535735,-0.014810715,9.141454,945,8
1.6233413,-0.116529554,0.7285005,-1.0131546,-1.0843519,-1.2472178,-0.31392592,-0.538838,0.018659228,9.141454,945,20
-3.4433355,-0.16163938,0.65115005,-0.17719491,-0.32759914,-0.37954348,-0.24508241,-0.1974582,-0.04832186,9.141454,945,815
-2.4891942,-0.27490234,0.4813978,-0.1800155,-0.6591014,-0.42667505,-0.04775209,-0.47976974,-0.100328654,9.141454,945,817
-1.5985049,-0.09161489,0.6883945,-0.36758682,-0.6334227,0.618531,-0.01495112,-0.49797788,-0.19574,9.141454,945,807
-0.44527754,-0.10844465,0.5751822,-0.55053115,-0.66794074,-0.5167576,0.09368556,-0.034970712,-0.12848978,9.141454,945,13
1.8906187,-0.016565667,0.76037997,-0.61855,-0.4561067,0.40265745,-0.0355284,0.27273333,0.009579549,9.141454,945,154
-0.44572127,-0.043520037,0.71138006,-0.1924904,-0.48701498,0.8090525,-0.024607923,0.020770725,-0.10959554,9.141454,945,826
0.3034252,-0.08503891,0.77130413,-0.37554735,-0.46339494,-0.7944942,-0.01942083,0.48553824,0.119117804,9.141454,945,832
0.63001597,0.013033605,1.06059,-0.18123528,-0.6918378,0.41219395,0.12859471,0.0637772,-0.052701995,9.141454,945,18
-1.7883536,1.6519853,1.4618524,-0.10701308,-0.67714936,-0.51486254,0.4067061,-0.08535646,0.084849834,9.141454,945,822
2.7756913,0.021869408,1.0579929,-0.32423958,-0.4091703,1.2521358,-0.02207005,0.3527868,0.22249345,9.141454,945,828
2.3161247,0.98450243,1.2568762,-0.100710675,-0.57888,1.2914193,0.040493153,0.1878118,0.1850796,9.141454,945,831
0.3638967,1.0971146,1.619168,-0.39794606,-0.3194495,-2.6278517,-0.19080527,-0.10199225,0.058033634,9.141454,945,830
